"Analysis_Number","Analysis","Status"
1,"Synthetic pregnancy cohort generation","Completed"
2,"Descriptive epidemiology","Completed"
3,"Preeclampsia multivariable logistic regression","Completed"
4,"Gestational diabetes multivariable logistic regression","Completed"
5,"Birthweight linear regression","Completed"
6,"Trimester-specific temperature analysis","Completed"
7,"Temperature × trimester interaction","Completed"
8,"Socioeconomic effect modification","Completed"
9,"Green-space effect modification","Completed"
10,"Temperature non-linearity","Completed"
11,"Cumulative temperature exposure","Completed"
12,"Sensitivity analysis","Completed"
