"Term","Estimate","Odds_Ratio","P_Value"
"(Intercept)",-7.24226197949698,0.000715691049313338,4.98179176679162e-14
"mean_temperature_c",0.114246071428638,1.12102794389487,5.49800789392981e-05
"trimesterSecond",0.51379206039189,1.67161806808817,0.664160636748146
"trimesterThird",2.37776881562428,10.7808220078849,0.0466251146212089
"mean_pm25",0.0198837407823971,1.02008273911153,0.000111507013100967
"maternal_age",0.00365478561560923,1.00366147248844,0.488890655485881
"regionDubai",-0.0493561198785477,0.951842099441531,0.595135010498434
"regionSharjah",-0.0204953957080207,0.979713207349796,0.857416556270788
"mean_temperature_c:trimesterSecond",-0.00895262669124596,0.991087328746814,0.802833864358091
"mean_temperature_c:trimesterThird",-0.0674090984778527,0.93481269265061,0.0636129037206865
